Workbook

Sheet Donor Data (Task 1,2,3,4, 6)
A1: June 2023 — Donor Submission Data (Detail) | Millennium Organisation | K1: =AVERAGE(H4:H274) -> 0.69840473
A2: Owner | B2: Age Group | C2: Submission | D2: Contribution % | E2: Debit 1 | F2: Debit 2 | G2: Debit 3 | H2: Debit 3 % | I2: Performance (25-27)
A3: Abhijeet D | B3: BELOW 25 | C3: 1 | D3: =IFERROR(C3/'Owner Totals (Pivot)(Task 4)'!B4,"") -> 0.0042372881 | E3: 1 | F3: 1 | G3: 0 | H3: =IFERROR(G3/C3,"") -> 0 | K3: =SUMPRODUCT(MAX(($A$4:$A$274=A3)*$D$4:$D$274)) -> 0.22033898
A4: Abhijeet D | B4: 25-27 | C4: 52 | D4: =IFERROR(C4/'Owner Totals (Pivot)(Task 4)'!B4,"") -> 0.22033898 | E4: 49 | F4: 40 | G4: 38 | H4: =IFERROR(G4/C4,"") -> 0.73076923 | I4: Average | K4: =SUMPRODUCT(MAX(($A$4:$A$274=A4)*$D$4:$D$274)) -> 0.22033898
A5: Abhijeet D | B5: 28-29 | C5: 27 | D5: =IFERROR(C5/'Owner Totals (Pivot)(Task 4)'!B4,"") -> 0.11440678 | E5: 22 | F5: 20 | G5: 19 | H5: =IFERROR(G5/C5,"") -> 0.7037037 | K5: =SUMPRODUCT(MAX(($A$4:$A$274=A5)*$D$4:$D$274)) -> 0.22033898
A6: Abhijeet D | B6: 30-34 | C6: 50 | D6: =IFERROR(C6/'Owner Totals (Pivot)(Task 4)'!B4,"") -> 0.21186441 | E6: 46 | F6: 38 | G6: 38 | H6: =IFERROR(G6/C6,"") -> 0.76 | K6: =SUMPRODUCT(MAX(($A$4:$A$274=A6)*$D$4:$D$274)) -> 0.22033898
A7: Abhijeet D | B7: 35-39 | C7: 38 | D7: =IFERROR(C7/'Owner Totals (Pivot)(Task 4)'!B4,"") -> 0.16101695 | E7: 37 | F7: 35 | G7: 34 | H7: =IFERROR(G7/C7,"") -> 0.89473684 | K7: =SUMPRODUCT(MAX(($A$4:$A$274=A7)*$D$4:$D$274)) -> 0.22033898
A8: Abhijeet D | B8: 40-44 | C8: 38 | D8: =IFERROR(C8/'Owner Totals (Pivot)(Task 4)'!B4,"") -> 0.16101695 | E8: 33 | F8: 28 | G8: 27 | H8: =IFERROR(G8/C8,"") -> 0.71052632 | K8: =SUMPRODUCT(MAX(($A$4:$A$274=A8)*$D$4:$D$274)) -> 0.22033898
A9: Abhijeet D | B9: 45-49 | C9: 17 | D9: =IFERROR(C9/'Owner Totals (Pivot)(Task 4)'!B4,"") -> 0.072033898 | E9: 14 | F9: 13 | G9: 13 | H9: =IFERROR(G9/C9,"") -> 0.76470588 | K9: =SUMPRODUCT(MAX(($A$4:$A$274=A9)*$D$4:$D$274)) -> 0.22033898
A10: Abhijeet D | B10: 50+ | C10: 14 | D10: =IFERROR(C10/'Owner Totals (Pivot)(Task 4)'!B4,"") -> 0.059322034 | E10: 14 | F10: 14 | G10: 14 | H10: =IFERROR(G10/C10,"") -> 1 | K10: =SUMPRODUCT(MAX(($A$4:$A$274=A10)*$D$4:$D$274)) -> 0.22033898
A11: Adnan Kantawala | B11: 25-27 | C11: 20 | D11: =IFERROR(C11/'Owner Totals (Pivot)(Task 4)'!B5,"") -> 0.1754386 | E11: 16 | F11: 11 | G11: 10 | H11: =IFERROR(G11/C11,"") -> 0.5 | I11: Needs Attention | K11: =SUMPRODUCT(MAX(($A$4:$A$274=A11)*$D$4:$D$274)) -> 0.27192982
A12: Adnan Kantawala | B12: 28-29 | C12: 15 | D12: =IFERROR(C12/'Owner Totals (Pivot)(Task 4)'!B5,"") -> 0.13157895 | E12: 11 | F12: 8 | G12: 7 | H12: =IFERROR(G12/C12,"") -> 0.46666667 | K12: =SUMPRODUCT(MAX(($A$4:$A$274=A12)*$D$4:$D$274)) -> 0.27192982
A13: Adnan Kantawala | B13: 30-34 | C13: 31 | D13: =IFERROR(C13/'Owner Totals (Pivot)(Task 4)'!B5,"") -> 0.27192982 | E13: 23 | F13: 17 | G13: 17 | H13: =IFERROR(G13/C13,"") -> 0.5483871 | K13: =SUMPRODUCT(MAX(($A$4:$A$274=A13)*$D$4:$D$274)) -> 0.27192982
A14: Adnan Kantawala | B14: 35-39 | C14: 16 | D14: =IFERROR(C14/'Owner Totals (Pivot)(Task 4)'!B5,"") -> 0.14035088 | E14: 13 | F14: 11 | G14: 8 | H14: =IFERROR(G14/C14,"") -> 0.5 | K14: =SUMPRODUCT(MAX(($A$4:$A$274=A14)*$D$4:$D$274)) -> 0.27192982
A15: Adnan Kantawala | B15: 40-44 | C15: 15 | D15: =IFERROR(C15/'Owner Totals (Pivot)(Task 4)'!B5,"") -> 0.13157895 | E15: 14 | F15: 14 | G15: 9 | H15: =IFERROR(G15/C15,"") -> 0.6 | K15: =SUMPRODUCT(MAX(($A$4:$A$274=A15)*$D$4:$D$274)) -> 0.27192982
A16: Adnan Kantawala | B16: 45-49 | C16: 7 | D16: =IFERROR(C16/'Owner Totals (Pivot)(Task 4)'!B5,"") -> 0.061403509 | E16: 7 | F16: 7 | G16: 6 | H16: =IFERROR(G16/C16,"") -> 0.85714286 | K16: =SUMPRODUCT(MAX(($A$4:$A$274=A16)*$D$4:$D$274)) -> 0.27192982
A17: Adnan Kantawala | B17: 50+ | C17: 10 | D17: =IFERROR(C17/'Owner Totals (Pivot)(Task 4)'!B5,"") -> 0.087719298 | E17: 9 | F17: 8 | G17: 8 | H17: =IFERROR(G17/C17,"") -> 0.8 | K17: =SUMPRODUCT(MAX(($A$4:$A$274=A17)*$D$4:$D$274)) -> 0.27192982
A18: Ajay M | B18: BELOW 25 | C18: 1 | D18: =IFERROR(C18/'Owner Totals (Pivot)(Task 4)'!B6,"") -> 0.0096153846 | E18: 1 | F18: 0 | G18: 0 | H18: =IFERROR(G18/C18,"") -> 0 | K18: =SUMPRODUCT(MAX(($A$4:$A$274=A18)*$D$4:$D$274)) -> 0.36538462
A19: Ajay M | B19: 25-27 | C19: 38 | D19: =IFERROR(C19/'Owner Totals (Pivot)(Task 4)'!B6,"") -> 0.36538462 | E19: 30 | F19: 20 | G19: 19 | H19: =IFERROR(G19/C19,"") -> 0.5 | I19: Needs Attention | K19: =SUMPRODUCT(MAX(($A$4:$A$274=A19)*$D$4:$D$274)) -> 0.36538462
A20: Ajay M | B20: 28-29 | C20: 12 | D20: =IFERROR(C20/'Owner Totals (Pivot)(Task 4)'!B6,"") -> 0.11538462 | E20: 10 | F20: 9 | G20: 7 | H20: =IFERROR(G20/C20,"") -> 0.58333333 | K20: =SUMPRODUCT(MAX(($A$4:$A$274=A20)*$D$4:$D$274)) -> 0.36538462
A21: Ajay M | B21: 30-34 | C21: 32 | D21: =IFERROR(C21/'Owner Totals (Pivot)(Task 4)'!B6,"") -> 0.30769231 | E21: 29 | F21: 25 | G21: 25 | H21: =IFERROR(G21/C21,"") -> 0.78125 | K21: =SUMPRODUCT(MAX(($A$4:$A$274=A21)*$D$4:$D$274)) -> 0.36538462
A22: Ajay M | B22: 35-39 | C22: 13 | D22: =IFERROR(C22/'Owner Totals (Pivot)(Task 4)'!B6,"") -> 0.125 | E22: 10 | F22: 9 | G22: 8 | H22: =IFERROR(G22/C22,"") -> 0.61538462 | K22: =SUMPRODUCT(MAX(($A$4:$A$274=A22)*$D$4:$D$274)) -> 0.36538462
A23: Ajay M | B23: 40-44 | C23: 5 | D23: =IFERROR(C23/'Owner Totals (Pivot)(Task 4)'!B6,"") -> 0.048076923 | E23: 5 | F23: 5 | G23: 5 | H23: =IFERROR(G23/C23,"") -> 1 | K23: =SUMPRODUCT(MAX(($A$4:$A$274=A23)*$D$4:$D$274)) -> 0.36538462
A24: Ajay M | B24: 45-49 | C24: 3 | D24: =IFERROR(C24/'Owner Totals (Pivot)(Task 4)'!B6,"") -> 0.028846154 | E24: 2 | F24: 2 | G24: 2 | H24: =IFERROR(G24/C24,"") -> 0.66666667 | K24: =SUMPRODUCT(MAX(($A$4:$A$274=A24)*$D$4:$D$274)) -> 0.36538462
A25: Althaf A | B25: BELOW 25 | C25: 1 | D25: =IFERROR(C25/'Owner Totals (Pivot)(Task 4)'!B7,"") -> 0.0023584906 | E25: 0 | F25: 0 | G25: 0 | H25: =IFERROR(G25/C25,"") -> 0 | K25: =SUMPRODUCT(MAX(($A$4:$A$274=A25)*$D$4:$D$274)) -> 0.28066038
A26: Althaf A | B26: 25-27 | C26: 118 | D26: =IFERROR(C26/'Owner Totals (Pivot)(Task 4)'!B7,"") -> 0.27830189 | E26: 84 | F26: 68 | G26: 58 | H26: =IFERROR(G26/C26,"") -> 0.49152542 | I26: Needs Attention | K26: =SUMPRODUCT(MAX(($A$4:$A$274=A26)*$D$4:$D$274)) -> 0.28066038
A27: Althaf A | B27: 28-29 | C27: 68 | D27: =IFERROR(C27/'Owner Totals (Pivot)(Task 4)'!B7,"") -> 0.16037736 | E27: 47 | F27: 39 | G27: 31 | H27: =IFERROR(G27/C27,"") -> 0.45588235 | K27: =SUMPRODUCT(MAX(($A$4:$A$274=A27)*$D$4:$D$274)) -> 0.28066038
A28: Althaf A | B28: 30-34 | C28: 119 | D28: =IFERROR(C28/'Owner Totals (Pivot)(Task 4)'!B7,"") -> 0.28066038 | E28: 98 | F28: 74 | G28: 72 | H28: =IFERROR(G28/C28,"") -> 0.60504202 | K28: =SUMPRODUCT(MAX(($A$4:$A$274=A28)*$D$4:$D$274)) -> 0.28066038
A29: Althaf A | B29: 35-39 | C29: 62 | D29: =IFERROR(C29/'Owner Totals (Pivot)(Task 4)'!B7,"") -> 0.14622642 | E29: 49 | F29: 42 | G29: 41 | H29: =IFERROR(G29/C29,"") -> 0.66129032 | K29: =SUMPRODUCT(MAX(($A$4:$A$274=A29)*$D$4:$D$274)) -> 0.28066038
A30: Althaf A | B30: 40-44 | C30: 26 | D30: =IFERROR(C30/'Owner Totals (Pivot)(Task 4)'!B7,"") -> 0.061320755 | E30: 22 | F30: 20 | G30: 18 | H30: =IFERROR(G30/C30,"") -> 0.69230769 | K30: =SUMPRODUCT(MAX(($A$4:$A$274=A30)*$D$4:$D$274)) -> 0.28066038
A31: Althaf A | B31: 45-49 | C31: 20 | D31: =IFERROR(C31/'Owner Totals (Pivot)(Task 4)'!B7,"") -> 0.047169811 | E31: 18 | F31: 16 | G31: 15 | H31: =IFERROR(G31/C31,"") -> 0.75 | K31: =SUMPRODUCT(MAX(($A$4:$A$274=A31)*$D$4:$D$274)) -> 0.28066038
A32: Althaf A | B32: 50+ | C32: 10 | D32: =IFERROR(C32/'Owner Totals (Pivot)(Task 4)'!B7,"") -> 0.023584906 | E32: 8 | F32: 7 | G32: 5 | H32: =IFERROR(G32/C32,"") -> 0.5 | K32: =SUMPRODUCT(MAX(($A$4:$A$274=A32)*$D$4:$D$274)) -> 0.28066038
A33: Amit B | B33: 25-27 | C33: 6 | D33: =IFERROR(C33/'Owner Totals (Pivot)(Task 4)'!B8,"") -> 0.3 | E33: 3 | F33: 3 | G33: 3 | H33: =IFERROR(G33/C33,"") -> 0.5 | I33: Needs Attention | K33: =SUMPRODUCT(MAX(($A$4:$A$274=A33)*$D$4:$D$274)) -> 0.35
A34: Amit B | B34: 28-29 | C34: 2 | D34: =IFERROR(C34/'Owner Totals (Pivot)(Task 4)'!B8,"") -> 0.1 | E34: 2 | F34: 2 | G34: 2 | H34: =IFERROR(G34/C34,"") -> 1 | K34: =SUMPRODUCT(MAX(($A$4:$A$274=A34)*$D$4:$D$274)) -> 0.35
A35: Amit B | B35: 30-34 | C35: 7 | D35: =IFERROR(C35/'Owner Totals (Pivot)(Task 4)'!B8,"") -> 0.35 | E35: 6 | F35: 5 | G35: 5 | H35: =IFERROR(G35/C35,"") -> 0.71428571 | K35: =SUMPRODUCT(MAX(($A$4:$A$274=A35)*$D$4:$D$274)) -> 0.35
A36: Amit B | B36: 35-39 | C36: 2 | D36: =IFERROR(C36/'Owner Totals (Pivot)(Task 4)'!B8,"") -> 0.1 | E36: 2 | F36: 2 | G36: 2 | H36: =IFERROR(G36/C36,"") -> 1 | K36: =SUMPRODUCT(MAX(($A$4:$A$274=A36)*$D$4:$D$274)) -> 0.35
A37: Amit B | B37: 45-49 | C37: 2 | D37: =IFERROR(C37/'Owner Totals (Pivot)(Task 4)'!B8,"") -> 0.1 | E37: 2 | F37: 2 | G37: 2 | H37: =IFERROR(G37/C37,"") -> 1 | K37: =SUMPRODUCT(MAX(($A$4:$A$274=A37)*$D$4:$D$274)) -> 0.35
A38: Amit B | B38: 50+ | C38: 1 | D38: =IFERROR(C38/'Owner Totals (Pivot)(Task 4)'!B8,"") -> 0.05 | E38: 1 | F38: 1 | G38: 1 | H38: =IFERROR(G38/C38,"") -> 1 | K38: =SUMPRODUCT(MAX(($A$4:$A$274=A38)*$D$4:$D$274)) -> 0.35
A39: Ankit V | B39: 25-27 | C39: 17 | D39: =IFERROR(C39/'Owner Totals (Pivot)(Task 4)'!B9,"") -> 0.10059172 | E39: 14 | F39: 6 | G39: 4 | H39: =IFERROR(G39/C39,"") -> 0.23529412 | I39: Needs Attention | K39: =SUMPRODUCT(MAX(($A$4:$A$274=A39)*$D$4:$D$274)) -> 0.29585799
A40: Ankit V | B40: 28-29 | C40: 14 | D40: =IFERROR(C40/'Owner Totals (Pivot)(Task 4)'!B9,"") -> 0.082840237 | E40: 13 | F40: 12 | G40: 8 | H40: =IFERROR(G40/C40,"") -> 0.57142857 | K40: =SUMPRODUCT(MAX(($A$4:$A$274=A40)*$D$4:$D$274)) -> 0.29585799
A41: Ankit V | B41: 30-34 | C41: 50 | D41: =IFERROR(C41/'Owner Totals (Pivot)(Task 4)'!B9,"") -> 0.29585799 | E41: 41 | F41: 34 | G41: 28 | H41: =IFERROR(G41/C41,"") -> 0.56 | K41: =SUMPRODUCT(MAX(($A$4:$A$274=A41)*$D$4:$D$274)) -> 0.29585799
A42: Ankit V | B42: 35-39 | C42: 36 | D42: =IFERROR(C42/'Owner Totals (Pivot)(Task 4)'!B9,"") -> 0.21301775 | E42: 28 | F42: 26 | G42: 23 | H42: =IFERROR(G42/C42,"") -> 0.63888889 | K42: =SUMPRODUCT(MAX(($A$4:$A$274=A42)*$D$4:$D$274)) -> 0.29585799
A43: Ankit V | B43: 40-44 | C43: 26 | D43: =IFERROR(C43/'Owner Totals (Pivot)(Task 4)'!B9,"") -> 0.15384615 | E43: 25 | F43: 21 | G43: 20 | H43: =IFERROR(G43/C43,"") -> 0.76923077 | K43: =SUMPRODUCT(MAX(($A$4:$A$274=A43)*$D$4:$D$274)) -> 0.29585799
A44: Ankit V | B44: 45-49 | C44: 10 | D44: =IFERROR(C44/'Owner Totals (Pivot)(Task 4)'!B9,"") -> 0.059171598 | E44: 7 | F44: 7 | G44: 7 | H44: =IFERROR(G44/C44,"") -> 0.7 | K44: =SUMPRODUCT(MAX(($A$4:$A$274=A44)*$D$4:$D$274)) -> 0.29585799
A45: Ankit V | B45: 50+ | C45: 16 | D45: =IFERROR(C45/'Owner Totals (Pivot)(Task 4)'!B9,"") -> 0.094674556 | E45: 14 | F45: 14 | G45: 13 | H45: =IFERROR(G45/C45,"") -> 0.8125 | K45: =SUMPRODUCT(MAX(($A$4:$A$274=A45)*$D$4:$D$274)) -> 0.29585799
A46: Arun Kumar D | B46: 25-27 | C46: 74 | D46: =IFERROR(C46/'Owner Totals (Pivot)(Task 4)'!B10,"") -> 0.27205882 | E46: 61 | F46: 47 | G46: 48 | H46: =IFERROR(G46/C46,"") -> 0.64864865 | I46: Needs Attention | K46: =SUMPRODUCT(MAX(($A$4:$A$274=A46)*$D$4:$D$274)) -> 0.29044118
A47: Arun Kumar D | B47: 28-29 | C47: 66 | D47: =IFERROR(C47/'Owner Totals (Pivot)(Task 4)'!B10,"") -> 0.24264706 | E47: 56 | F47: 48 | G47: 45 | H47: =IFERROR(G47/C47,"") -> 0.68181818 | K47: =SUMPRODUCT(MAX(($A$4:$A$274=A47)*$D$4:$D$274)) -> 0.29044118
A48: Arun Kumar D | B48: 30-34 | C48: 79 | D48: =IFERROR(C48/'Owner Totals (Pivot)(Task 4)'!B10,"") -> 0.29044118 | E48: 73 | F48: 63 | G48: 58 | H48: =IFERROR(G48/C48,"") -> 0.73417722 | K48: =SUMPRODUCT(MAX(($A$4:$A$274=A48)*$D$4:$D$274)) -> 0.29044118
A49: Arun Kumar D | B49: 35-39 | C49: 33 | D49: =IFERROR(C49/'Owner Totals (Pivot)(Task 4)'!B10,"") -> 0.12132353 | E49: 31 | F49: 26 | G49: 25 | H49: =IFERROR(G49/C49,"") -> 0.75757576 | K49: =SUMPRODUCT(MAX(($A$4:$A$274=A49)*$D$4:$D$274)) -> 0.29044118
A50: Arun Kumar D | B50: 40-44 | C50: 15 | D50: =IFERROR(C50/'Owner Totals (Pivot)(Task 4)'!B10,"") -> 0.055147059 | E50: 14 | F50: 12 | G50: 11 | H50: =IFERROR(G50/C50,"") -> 0.73333333 | K50: =SUMPRODUCT(MAX(($A$4:$A$274=A50)*$D$4:$D$274)) -> 0.29044118
A51: Arun Kumar D | B51: 45-49 | C51: 4 | D51: =IFERROR(C51/'Owner Totals (Pivot)(Task 4)'!B10,"") -> 0.014705882 | E51: 4 | F51: 4 | G51: 4 | H51: =IFERROR(G51/C51,"") -> 1 | K51: =SUMPRODUCT(MAX(($A$4:$A$274=A51)*$D$4:$D$274)) -> 0.29044118
A52: Arun Kumar D | B52: 50+ | C52: 1 | D52: =IFERROR(C52/'Owner Totals (Pivot)(Task 4)'!B10,"") -> 0.0036764706 | E52: 1 | F52: 1 | G52: 1 | H52: =IFERROR(G52/C52,"") -> 1 | K52: =SUMPRODUCT(MAX(($A$4:$A$274=A52)*$D$4:$D$274)) -> 0.29044118
A53: Arvind S | B53: 25-27 | C53: 16 | D53: =IFERROR(C53/'Owner Totals (Pivot)(Task 4)'!B11,"") -> 0.27118644 | E53: 13 | F53: 10 | G53: 6 | H53: =IFERROR(G53/C53,"") -> 0.375 | I53: Needs Attention | K53: =SUMPRODUCT(MAX(($A$4:$A$274=A53)*$D$4:$D$274)) -> 0.33898305
A54: Arvind S | B54: 28-29 | C54: 10 | D54: =IFERROR(C54/'Owner Totals (Pivot)(Task 4)'!B11,"") -> 0.16949153 | E54: 6 | F54: 4 | G54: 3 | H54: =IFERROR(G54/C54,"") -> 0.3 | K54: =SUMPRODUCT(MAX(($A$4:$A$274=A54)*$D$4:$D$274)) -> 0.33898305
A55: Arvind S | B55: 30-34 | C55: 20 | D55: =IFERROR(C55/'Owner Totals (Pivot)(Task 4)'!B11,"") -> 0.33898305 | E55: 18 | F55: 9 | G55: 8 | H55: =IFERROR(G55/C55,"") -> 0.4 | K55: =SUMPRODUCT(MAX(($A$4:$A$274=A55)*$D$4:$D$274)) -> 0.33898305
A56: Arvind S | B56: 35-39 | C56: 6 | D56: =IFERROR(C56/'Owner Totals (Pivot)(Task 4)'!B11,"") -> 0.10169492 | E56: 4 | F56: 4 | G56: 4 | H56: =IFERROR(G56/C56,"") -> 0.66666667 | K56: =SUMPRODUCT(MAX(($A$4:$A$274=A56)*$D$4:$D$274)) -> 0.33898305
A57: Arvind S | B57: 40-44 | C57: 5 | D57: =IFERROR(C57/'Owner Totals (Pivot)(Task 4)'!B11,"") -> 0.084745763 | E57: 4 | F57: 4 | G57: 4 | H57: =IFERROR(G57/C57,"") -> 0.8 | K57: =SUMPRODUCT(MAX(($A$4:$A$274=A57)*$D$4:$D$274)) -> 0.33898305
A58: Arvind S | B58: 45-49 | C58: 1 | D58: =IFERROR(C58/'Owner Totals (Pivot)(Task 4)'!B11,"") -> 0.016949153 | E58: 0 | F58: 0 | G58: 0 | H58: =IFERROR(G58/C58,"") -> 0 | K58: =SUMPRODUCT(MAX(($A$4:$A$274=A58)*$D$4:$D$274)) -> 0.33898305
A59: Arvind S | B59: 50+ | C59: 1 | D59: =IFERROR(C59/'Owner Totals (Pivot)(Task 4)'!B11,"") -> 0.016949153 | E59: 1 | F59: 1 | G59: 1 | H59: =IFERROR(G59/C59,"") -> 1 | K59: =SUMPRODUCT(MAX(($A$4:$A$274=A59)*$D$4:$D$274)) -> 0.33898305
A60: D Dinesh | B60: 25-27 | C60: 17 | D60: =IFERROR(C60/'Owner Totals (Pivot)(Task 4)'!B12,"") -> 0.029616725 | E60: 14 | F60: 12 | G60: 11 | H60: =IFERROR(G60/C60,"") -> 0.64705882 | I60: Needs Attention | K60: =SUMPRODUCT(MAX(($A$4:$A$274=A60)*$D$4:$D$274)) -> 0.34843206
A61: D Dinesh | B61: 28-29 | C61: 100 | D61: =IFERROR(C61/'Owner Totals (Pivot)(Task 4)'!B12,"") -> 0.17421603 | E61: 86 | F61: 73 | G61: 60 | H61: =IFERROR(G61/C61,"") -> 0.6 | K61: =SUMPRODUCT(MAX(($A$4:$A$274=A61)*$D$4:$D$274)) -> 0.34843206
A62: D Dinesh | B62: 30-34 | C62: 200 | D62: =IFERROR(C62/'Owner Totals (Pivot)(Task 4)'!B12,"") -> 0.34843206 | E62: 177 | F62: 147 | G62: 131 | H62: =IFERROR(G62/C62,"") -> 0.655 | K62: =SUMPRODUCT(MAX(($A$4:$A$274=A62)*$D$4:$D$274)) -> 0.34843206
A63: D Dinesh | B63: 35-39 | C63: 124 | D63: =IFERROR(C63/'Owner Totals (Pivot)(Task 4)'!B12,"") -> 0.21602787 | E63: 117 | F63: 102 | G63: 91 | H63: =IFERROR(G63/C63,"") -> 0.73387097 | K63: =SUMPRODUCT(MAX(($A$4:$A$274=A63)*$D$4:$D$274)) -> 0.34843206
A64: D Dinesh | B64: 40-44 | C64: 59 | D64: =IFERROR(C64/'Owner Totals (Pivot)(Task 4)'!B12,"") -> 0.10278746 | E64: 57 | F64: 50 | G64: 45 | H64: =IFERROR(G64/C64,"") -> 0.76271186 | K64: =SUMPRODUCT(MAX(($A$4:$A$274=A64)*$D$4:$D$274)) -> 0.34843206
A65: D Dinesh | B65: 45-49 | C65: 43 | D65: =IFERROR(C65/'Owner Totals (Pivot)(Task 4)'!B12,"") -> 0.074912892 | E65: 40 | F65: 38 | G65: 34 | H65: =IFERROR(G65/C65,"") -> 0.79069767 | K65: =SUMPRODUCT(MAX(($A$4:$A$274=A65)*$D$4:$D$274)) -> 0.34843206
A66: D Dinesh | B66: 50+ | C66: 31 | D66: =IFERROR(C66/'Owner Totals (Pivot)(Task 4)'!B12,"") -> 0.054006969 | E66: 29 | F66: 27 | G66: 26 | H66: =IFERROR(G66/C66,"") -> 0.83870968 | K66: =SUMPRODUCT(MAX(($A$4:$A$274=A66)*$D$4:$D$274)) -> 0.34843206
A67: Gargi Y | B67: 25-27 | C67: 13 | D67: =IFERROR(C67/'Owner Totals (Pivot)(Task 4)'!B13,"") -> 0.17333333 | E67: 12 | F67: 10 | G67: 8 | H67: =IFERROR(G67/C67,"") -> 0.61538462 | I67: Needs Attention | K67: =SUMPRODUCT(MAX(($A$4:$A$274=A67)*$D$4:$D$274)) -> 0.32
A68: Gargi Y | B68: 28-29 | C68: 8 | D68: =IFERROR(C68/'Owner Totals (Pivot)(Task 4)'!B13,"") -> 0.10666667 | E68: 8 | F68: 8 | G68: 8 | H68: =IFERROR(G68/C68,"") -> 1 | K68: =SUMPRODUCT(MAX(($A$4:$A$274=A68)*$D$4:$D$274)) -> 0.32
A69: Gargi Y | B69: 30-34 | C69: 24 | D69: =IFERROR(C69/'Owner Totals (Pivot)(Task 4)'!B13,"") -> 0.32 | E69: 20 | F69: 14 | G69: 11 | H69: =IFERROR(G69/C69,"") -> 0.45833333 | K69: =SUMPRODUCT(MAX(($A$4:$A$274=A69)*$D$4:$D$274)) -> 0.32
A70: Gargi Y | B70: 35-39 | C70: 17 | D70: =IFERROR(C70/'Owner Totals (Pivot)(Task 4)'!B13,"") -> 0.22666667 | E70: 16 | F70: 14 | G70: 13 | H70: =IFERROR(G70/C70,"") -> 0.76470588 | K70: =SUMPRODUCT(MAX(($A$4:$A$274=A70)*$D$4:$D$274)) -> 0.32
A71: Gargi Y | B71: 40-44 | C71: 5 | D71: =IFERROR(C71/'Owner Totals (Pivot)(Task 4)'!B13,"") -> 0.066666667 | E71: 4 | F71: 4 | G71: 3 | H71: =IFERROR(G71/C71,"") -> 0.6 | K71: =SUMPRODUCT(MAX(($A$4:$A$274=A71)*$D$4:$D$274)) -> 0.32
A72: Gargi Y | B72: 45-49 | C72: 5 | D72: =IFERROR(C72/'Owner Totals (Pivot)(Task 4)'!B13,"") -> 0.066666667 | E72: 4 | F72: 4 | G72: 4 | H72: =IFERROR(G72/C72,"") -> 0.8 | K72: =SUMPRODUCT(MAX(($A$4:$A$274=A72)*$D$4:$D$274)) -> 0.32
A73: Gargi Y | B73: 50+ | C73: 3 | D73: =IFERROR(C73/'Owner Totals (Pivot)(Task 4)'!B13,"") -> 0.04 | E73: 3 | F73: 3 | G73: 3 | H73: =IFERROR(G73/C73,"") -> 1 | K73: =SUMPRODUCT(MAX(($A$4:$A$274=A73)*$D$4:$D$274)) -> 0.32
A74: Hamza KMS | B74: 25-27 | C74: 100 | D74: =IFERROR(C74/'Owner Totals (Pivot)(Task 4)'!B14,"") -> 0.29069767 | E74: 70 | F74: 51 | G74: 45 | H74: =IFERROR(G74/C74,"") -> 0.45 | I74: Needs Attention | K74: =SUMPRODUCT(MAX(($A$4:$A$274=A74)*$D$4:$D$274)) -> 0.34302326
A75: Hamza KMS | B75: 28-29 | C75: 68 | D75: =IFERROR(C75/'Owner Totals (Pivot)(Task 4)'!B14,"") -> 0.19767442 | E75: 60 | F75: 50 | G75: 45 | H75: =IFERROR(G75/C75,"") -> 0.66176471 | K75: =SUMPRODUCT(MAX(($A$4:$A$274=A75)*$D$4:$D$274)) -> 0.34302326
A76: Hamza KMS | B76: 30-34 | C76: 118 | D76: =IFERROR(C76/'Owner Totals (Pivot)(Task 4)'!B14,"") -> 0.34302326 | E76: 100 | F76: 86 | G76: 79 | H76: =IFERROR(G76/C76,"") -> 0.66949153 | K76: =SUMPRODUCT(MAX(($A$4:$A$274=A76)*$D$4:$D$274)) -> 0.34302326
A77: Hamza KMS | B77: 35-39 | C77: 32 | D77: =IFERROR(C77/'Owner Totals (Pivot)(Task 4)'!B14,"") -> 0.093023256 | E77: 24 | F77: 23 | G77: 22 | H77: =IFERROR(G77/C77,"") -> 0.6875 | K77: =SUMPRODUCT(MAX(($A$4:$A$274=A77)*$D$4:$D$274)) -> 0.34302326
A78: Hamza KMS | B78: 40-44 | C78: 13 | D78: =IFERROR(C78/'Owner Totals (Pivot)(Task 4)'!B14,"") -> 0.037790698 | E78: 10 | F78: 10 | G78: 10 | H78: =IFERROR(G78/C78,"") -> 0.76923077 | K78: =SUMPRODUCT(MAX(($A$4:$A$274=A78)*$D$4:$D$274)) -> 0.34302326
A79: Hamza KMS | B79: 45-49 | C79: 7 | D79: =IFERROR(C79/'Owner Totals (Pivot)(Task 4)'!B14,"") -> 0.020348837 | E79: 6 | F79: 6 | G79: 6 | H79: =IFERROR(G79/C79,"") -> 0.85714286 | K79: =SUMPRODUCT(MAX(($A$4:$A$274=A79)*$D$4:$D$274)) -> 0.34302326
A80: Hamza KMS | B80: 50+ | C80: 6 | D80: =IFERROR(C80/'Owner Totals (Pivot)(Task 4)'!B14,"") -> 0.01744186 | E80: 6 | F80: 6 | G80: 4 | H80: =IFERROR(G80/C80,"") -> 0.66666667 | K80: =SUMPRODUCT(MAX(($A$4:$A$274=A80)*$D$4:$D$274)) -> 0.34302326
A81: Jagannathan K | B81: 25-27 | C81: 4 | D81: =IFERROR(C81/'Owner Totals (Pivot)(Task 4)'!B15,"") -> 0.16 | E81: 4 | F81: 2 | G81: 2 | H81: =IFERROR(G81/C81,"") -> 0.5 | I81: Needs Attention | K81: =SUMPRODUCT(MAX(($A$4:$A$274=A81)*$D$4:$D$274)) -> 0.44
A82: Jagannathan K | B82: 28-29 | C82: 5 | D82: =IFERROR(C82/'Owner Totals (Pivot)(Task 4)'!B15,"") -> 0.2 | E82: 5 | F82: 4 | G82: 4 | H82: =IFERROR(G82/C82,"") -> 0.8 | K82: =SUMPRODUCT(MAX(($A$4:$A$274=A82)*$D$4:$D$274)) -> 0.44
A83: Jagannathan K | B83: 30-34 | C83: 11 | D83: =IFERROR(C83/'Owner Totals (Pivot)(Task 4)'!B15,"") -> 0.44 | E83: 10 | F83: 9 | G83: 6 | H83: =IFERROR(G83/C83,"") -> 0.54545455 | K83: =SUMPRODUCT(MAX(($A$4:$A$274=A83)*$D$4:$D$274)) -> 0.44
A84: Jagannathan K | B84: 35-39 | C84: 4 | D84: =IFERROR(C84/'Owner Totals (Pivot)(Task 4)'!B15,"") -> 0.16 | E84: 4 | F84: 4 | G84: 4 | H84: =IFERROR(G84/C84,"") -> 1 | K84: =SUMPRODUCT(MAX(($A$4:$A$274=A84)*$D$4:$D$274)) -> 0.44
A85: Jagannathan K | B85: 45-49 | C85: 1 | D85: =IFERROR(C85/'Owner Totals (Pivot)(Task 4)'!B15,"") -> 0.04 | E85: 1 | F85: 1 | G85: 1 | H85: =IFERROR(G85/C85,"") -> 1 | K85: =SUMPRODUCT(MAX(($A$4:$A$274=A85)*$D$4:$D$274)) -> 0.44
A86: K Manoj | B86: 25-27 | C86: 10 | D86: =IFERROR(C86/'Owner Totals (Pivot)(Task 4)'!B16,"") -> 0.22727273 | E86: 9 | F86: 6 | G86: 5 | H86: =IFERROR(G86/C86,"") -> 0.5 | I86: Needs Attention | K86: =SUMPRODUCT(MAX(($A$4:$A$274=A86)*$D$4:$D$274)) -> 0.25
A87: K Manoj | B87: 28-29 | C87: 8 | D87: =IFERROR(C87/'Owner Totals (Pivot)(Task 4)'!B16,"") -> 0.18181818 | E87: 6 | F87: 5 | G87: 5 | H87: =IFERROR(G87/C87,"") -> 0.625 | K87: =SUMPRODUCT(MAX(($A$4:$A$274=A87)*$D$4:$D$274)) -> 0.25
A88: K Manoj | B88: 30-34 | C88: 11 | D88: =IFERROR(C88/'Owner Totals (Pivot)(Task 4)'!B16,"") -> 0.25 | E88: 11 | F88: 10 | G88: 10 | H88: =IFERROR(G88/C88,"") -> 0.90909091 | K88: =SUMPRODUCT(MAX(($A$4:$A$274=A88)*$D$4:$D$274)) -> 0.25
A89: K Manoj | B89: 35-39 | C89: 8 | D89: =IFERROR(C89/'Owner Totals (Pivot)(Task 4)'!B16,"") -> 0.18181818 | E89: 7 | F89: 6 | G89: 6 | H89: =IFERROR(G89/C89,"") -> 0.75 | K89: =SUMPRODUCT(MAX(($A$4:$A$274=A89)*$D$4:$D$274)) -> 0.25
A90: K Manoj | B90: 40-44 | C90: 4 | D90: =IFERROR(C90/'Owner Totals (Pivot)(Task 4)'!B16,"") -> 0.090909091 | E90: 4 | F90: 3 | G90: 4 | H90: =IFERROR(G90/C90,"") -> 1 | K90: =SUMPRODUCT(MAX(($A$4:$A$274=A90)*$D$4:$D$274)) -> 0.25
A91: K Manoj | B91: 45-49 | C91: 2 | D91: =IFERROR(C91/'Owner Totals (Pivot)(Task 4)'!B16,"") -> 0.045454545 | E91: 2 | F91: 1 | G91: 1 | H91: =IFERROR(G91/C91,"") -> 0.5 | K91: =SUMPRODUCT(MAX(($A$4:$A$274=A91)*$D$4:$D$274)) -> 0.25
A92: K Manoj | B92: 50+ | C92: 1 | D92: =IFERROR(C92/'Owner Totals (Pivot)(Task 4)'!B16,"") -> 0.022727273 | E92: 1 | F92: 1 | G92: 1 | H92: =IFERROR(G92/C92,"") -> 1 | K92: =SUMPRODUCT(MAX(($A$4:$A$274=A92)*$D$4:$D$274)) -> 0.25
A93: Karan I | B93: 25-27 | C93: 95 | D93: =IFERROR(C93/'Owner Totals (Pivot)(Task 4)'!B17,"") -> 0.32423208 | E93: 67 | F93: 52 | G93: 43 | H93: =IFERROR(G93/C93,"") -> 0.45263158 | I93: Needs Attention | K93: =SUMPRODUCT(MAX(($A$4:$A$274=A93)*$D$4:$D$274)) -> 0.32423208
A94: Karan I | B94: 28-29 | C94: 43 | D94: =IFERROR(C94/'Owner Totals (Pivot)(Task 4)'!B17,"") -> 0.14675768 | E94: 38 | F94: 33 | G94: 26 | H94: =IFERROR(G94/C94,"") -> 0.60465116 | K94: =SUMPRODUCT(MAX(($A$4:$A$274=A94)*$D$4:$D$274)) -> 0.32423208
A95: Karan I | B95: 30-34 | C95: 90 | D95: =IFERROR(C95/'Owner Totals (Pivot)(Task 4)'!B17,"") -> 0.30716724 | E95: 75 | F95: 60 | G95: 55 | H95: =IFERROR(G95/C95,"") -> 0.61111111 | K95: =SUMPRODUCT(MAX(($A$4:$A$274=A95)*$D$4:$D$274)) -> 0.32423208
A96: Karan I | B96: 35-39 | C96: 37 | D96: =IFERROR(C96/'Owner Totals (Pivot)(Task 4)'!B17,"") -> 0.12627986 | E96: 33 | F96: 28 | G96: 23 | H96: =IFERROR(G96/C96,"") -> 0.62162162 | K96: =SUMPRODUCT(MAX(($A$4:$A$274=A96)*$D$4:$D$274)) -> 0.32423208
A97: Karan I | B97: 40-44 | C97: 21 | D97: =IFERROR(C97/'Owner Totals (Pivot)(Task 4)'!B17,"") -> 0.071672355 | E97: 19 | F97: 17 | G97: 17 | H97: =IFERROR(G97/C97,"") -> 0.80952381 | K97: =SUMPRODUCT(MAX(($A$4:$A$274=A97)*$D$4:$D$274)) -> 0.32423208
A98: Karan I | B98: 45-49 | C98: 5 | D98: =IFERROR(C98/'Owner Totals (Pivot)(Task 4)'!B17,"") -> 0.017064846 | E98: 4 | F98: 4 | G98: 4 | H98: =IFERROR(G98/C98,"") -> 0.8 | K98: =SUMPRODUCT(MAX(($A$4:$A$274=A98)*$D$4:$D$274)) -> 0.32423208
A99: Karan I | B99: 50+ | C99: 2 | D99: =IFERROR(C99/'Owner Totals (Pivot)(Task 4)'!B17,"") -> 0.0068259386 | E99: 2 | F99: 2 | G99: 2 | H99: =IFERROR(G99/C99,"") -> 1 | K99: =SUMPRODUCT(MAX(($A$4:$A$274=A99)*$D$4:$D$274)) -> 0.32423208
A100: Kshitij H | B100: 25-27 | C100: 3 | D100: =IFERROR(C100/'Owner Totals (Pivot)(Task 4)'!B18,"") -> 0.21428571 | E100: 3 | F100: 2 | G100: 2 | H100: =IFERROR(G100/C100,"") -> 0.66666667 | I100: Needs Attention | K100: =SUMPRODUCT(MAX(($A$4:$A$274=A100)*$D$4:$D$274)) -> 0.57142857
...

Sheet Owner Totals (Pivot)(Task 4)
A1: Owner-wise Totals — June 2023 | Millennium Organisation
A2: All totals calculated live via SUMIF from the "Donor Data" sheet
A3: Owner | B3: Total Submissions | C3: Total Debit 1 | D3: Total Debit 2 | E3: Total Debit 3 | F3: Overall Quality % | G3: Volume Rank
A4: Abhijeet D | B4: =SUMIF('Donor Data (Task 1,2,3,4, 6)'!$A$4:$A$274,A4,'Donor Data (Task 1,2,3,4, 6)'!$C$4:$C$274) -> 236 | C4: =SUMIF('Donor Data (Task 1,2,3,4, 6)'!$A$4:$A$274,A4,'Donor Data (Task 1,2,3,4, 6)'!$E$4:$E$274) -> 215 | D4: =SUMIF('Donor Data (Task 1,2,3,4, 6)'!$A$4:$A$274,A4,'Donor Data (Task 1,2,3,4, 6)'!$F$4:$F$274) -> 188 | E4: =SUMIF('Donor Data (Task 1,2,3,4, 6)'!$A$4:$A$274,A4,'Donor Data (Task 1,2,3,4, 6)'!$G$4:$G$274) -> 183 | F4: =IFERROR(E4/B4,"") -> 0.77542373 | G4: =RANK(B4,$B$4:$B$44) -> 18
A5: Adnan Kantawala | B5: =SUMIF('Donor Data (Task 1,2,3,4, 6)'!$A$4:$A$274,A5,'Donor Data (Task 1,2,3,4, 6)'!$C$4:$C$274) -> 114 | C5: =SUMIF('Donor Data (Task 1,2,3,4, 6)'!$A$4:$A$274,A5,'Donor Data (Task 1,2,3,4, 6)'!$E$4:$E$274) -> 93 | D5: =SUMIF('Donor Data (Task 1,2,3,4, 6)'!$A$4:$A$274,A5,'Donor Data (Task 1,2,3,4, 6)'!$F$4:$F$274) -> 76 | E5: =SUMIF('Donor Data (Task 1,2,3,4, 6)'!$A$4:$A$274,A5,'Donor Data (Task 1,2,3,4, 6)'!$G$4:$G$274) -> 65 | F5: =IFERROR(E5/B5,"") -> 0.57017544 | G5: =RANK(B5,$B$4:$B$44) -> 28
A6: Ajay M | B6: =SUMIF('Donor Data (Task 1,2,3,4, 6)'!$A$4:$A$274,A6,'Donor Data (Task 1,2,3,4, 6)'!$C$4:$C$274) -> 104 | C6: =SUMIF('Donor Data (Task 1,2,3,4, 6)'!$A$4:$A$274,A6,'Donor Data (Task 1,2,3,4, 6)'!$E$4:$E$274) -> 87 | D6: =SUMIF('Donor Data (Task 1,2,3,4, 6)'!$A$4:$A$274,A6,'Donor Data (Task 1,2,3,4, 6)'!$F$4:$F$274) -> 70 | E6: =SUMIF('Donor Data (Task 1,2,3,4, 6)'!$A$4:$A$274,A6,'Donor Data (Task 1,2,3,4, 6)'!$G$4:$G$274) -> 66 | F6: =IFERROR(E6/B6,"") -> 0.63461538 | G6: =RANK(B6,$B$4:$B$44) -> 29
A7: Althaf A | B7: =SUMIF('Donor Data (Task 1,2,3,4, 6)'!$A$4:$A$274,A7,'Donor Data (Task 1,2,3,4, 6)'!$C$4:$C$274) -> 424 | C7: =SUMIF('Donor Data (Task 1,2,3,4, 6)'!$A$4:$A$274,A7,'Donor Data (Task 1,2,3,4, 6)'!$E$4:$E$274) -> 326 | D7: =SUMIF('Donor Data (Task 1,2,3,4, 6)'!$A$4:$A$274,A7,'Donor Data (Task 1,2,3,4, 6)'!$F$4:$F$274) -> 266 | E7: =SUMIF('Donor Data (Task 1,2,3,4, 6)'!$A$4:$A$274,A7,'Donor Data (Task 1,2,3,4, 6)'!$G$4:$G$274) -> 240 | F7: =IFERROR(E7/B7,"") -> 0.56603774 | G7: =RANK(B7,$B$4:$B$44) -> 4
A8: Amit B | B8: =SUMIF('Donor Data (Task 1,2,3,4, 6)'!$A$4:$A$274,A8,'Donor Data (Task 1,2,3,4, 6)'!$C$4:$C$274) -> 20 | C8: =SUMIF('Donor Data (Task 1,2,3,4, 6)'!$A$4:$A$274,A8,'Donor Data (Task 1,2,3,4, 6)'!$E$4:$E$274) -> 16 | D8: =SUMIF('Donor Data (Task 1,2,3,4, 6)'!$A$4:$A$274,A8,'Donor Data (Task 1,2,3,4, 6)'!$F$4:$F$274) -> 15 | E8: =SUMIF('Donor Data (Task 1,2,3,4, 6)'!$A$4:$A$274,A8,'Donor Data (Task 1,2,3,4, 6)'!$G$4:$G$274) -> 15 | F8: =IFERROR(E8/B8,"") -> 0.75 | G8: =RANK(B8,$B$4:$B$44) -> 38
A9: Ankit V | B9: =SUMIF('Donor Data (Task 1,2,3,4, 6)'!$A$4:$A$274,A9,'Donor Data (Task 1,2,3,4, 6)'!$C$4:$C$274) -> 169 | C9: =SUMIF('Donor Data (Task 1,2,3,4, 6)'!$A$4:$A$274,A9,'Donor Data (Task 1,2,3,4, 6)'!$E$4:$E$274) -> 142 | D9: =SUMIF('Donor Data (Task 1,2,3,4, 6)'!$A$4:$A$274,A9,'Donor Data (Task 1,2,3,4, 6)'!$F$4:$F$274) -> 120 | E9: =SUMIF('Donor Data (Task 1,2,3,4, 6)'!$A$4:$A$274,A9,'Donor Data (Task 1,2,3,4, 6)'!$G$4:$G$274) -> 103 | F9: =IFERROR(E9/B9,"") -> 0.60946746 | G9: =RANK(B9,$B$4:$B$44) -> 23
A10: Arun Kumar D | B10: =SUMIF('Donor Data (Task 1,2,3,4, 6)'!$A$4:$A$274,A10,'Donor Data (Task 1,2,3,4, 6)'!$C$4:$C$274) -> 272 | C10: =SUMIF('Donor Data (Task 1,2,3,4, 6)'!$A$4:$A$274,A10,'Donor Data (Task 1,2,3,4, 6)'!$E$4:$E$274) -> 240 | D10: =SUMIF('Donor Data (Task 1,2,3,4, 6)'!$A$4:$A$274,A10,'Donor Data (Task 1,2,3,4, 6)'!$F$4:$F$274) -> 201 | E10: =SUMIF('Donor Data (Task 1,2,3,4, 6)'!$A$4:$A$274,A10,'Donor Data (Task 1,2,3,4, 6)'!$G$4:$G$274) -> 192 | F10: =IFERROR(E10/B10,"") -> 0.70588235 | G10: =RANK(B10,$B$4:$B$44) -> 15
A11: Arvind S | B11: =SUMIF('Donor Data (Task 1,2,3,4, 6)'!$A$4:$A$274,A11,'Donor Data (Task 1,2,3,4, 6)'!$C$4:$C$274) -> 59 | C11: =SUMIF('Donor Data (Task 1,2,3,4, 6)'!$A$4:$A$274,A11,'Donor Data (Task 1,2,3,4, 6)'!$E$4:$E$274) -> 46 | D11: =SUMIF('Donor Data (Task 1,2,3,4, 6)'!$A$4:$A$274,A11,'Donor Data (Task 1,2,3,4, 6)'!$F$4:$F$274) -> 32 | E11: =SUMIF('Donor Data (Task 1,2,3,4, 6)'!$A$4:$A$274,A11,'Donor Data (Task 1,2,3,4, 6)'!$G$4:$G$274) -> 26 | F11: =IFERROR(E11/B11,"") -> 0.44067797 | G11: =RANK(B11,$B$4:$B$44) -> 34
A12: D Dinesh | B12: =SUMIF('Donor Data (Task 1,2,3,4, 6)'!$A$4:$A$274,A12,'Donor Data (Task 1,2,3,4, 6)'!$C$4:$C$274) -> 574 | C12: =SUMIF('Donor Data (Task 1,2,3,4, 6)'!$A$4:$A$274,A12,'Donor Data (Task 1,2,3,4, 6)'!$E$4:$E$274) -> 520 | D12: =SUMIF('Donor Data (Task 1,2,3,4, 6)'!$A$4:$A$274,A12,'Donor Data (Task 1,2,3,4, 6)'!$F$4:$F$274) -> 449 | E12: =SUMIF('Donor Data (Task 1,2,3,4, 6)'!$A$4:$A$274,A12,'Donor Data (Task 1,2,3,4, 6)'!$G$4:$G$274) -> 398 | F12: =IFERROR(E12/B12,"") -> 0.69337979 | G12: =RANK(B12,$B$4:$B$44) -> 1
A13: Gargi Y | B13: =SUMIF('Donor Data (Task 1,2,3,4, 6)'!$A$4:$A$274,A13,'Donor Data (Task 1,2,3,4, 6)'!$C$4:$C$274) -> 75 | C13: =SUMIF('Donor Data (Task 1,2,3,4, 6)'!$A$4:$A$274,A13,'Donor Data (Task 1,2,3,4, 6)'!$E$4:$E$274) -> 67 | D13: =SUMIF('Donor Data (Task 1,2,3,4, 6)'!$A$4:$A$274,A13,'Donor Data (Task 1,2,3,4, 6)'!$F$4:$F$274) -> 57 | E13: =SUMIF('Donor Data (Task 1,2,3,4, 6)'!$A$4:$A$274,A13,'Donor Data (Task 1,2,3,4, 6)'!$G$4:$G$274) -> 50 | F13: =IFERROR(E13/B13,"") -> 0.66666667 | G13: =RANK(B13,$B$4:$B$44) -> 32
A14: Hamza KMS | B14: =SUMIF('Donor Data (Task 1,2,3,4, 6)'!$A$4:$A$274,A14,'Donor Data (Task 1,2,3,4, 6)'!$C$4:$C$274) -> 344 | C14: =SUMIF('Donor Data (Task 1,2,3,4, 6)'!$A$4:$A$274,A14,'Donor Data (Task 1,2,3,4, 6)'!$E$4:$E$274) -> 276 | D14: =SUMIF('Donor Data (Task 1,2,3,4, 6)'!$A$4:$A$274,A14,'Donor Data (Task 1,2,3,4, 6)'!$F$4:$F$274) -> 232 | E14: =SUMIF('Donor Data (Task 1,2,3,4, 6)'!$A$4:$A$274,A14,'Donor Data (Task 1,2,3,4, 6)'!$G$4:$G$274) -> 211 | F14: =IFERROR(E14/B14,"") -> 0.61337209 | G14: =RANK(B14,$B$4:$B$44) -> 9
A15: Jagannathan K | B15: =SUMIF('Donor Data (Task 1,2,3,4, 6)'!$A$4:$A$274,A15,'Donor Data (Task 1,2,3,4, 6)'!$C$4:$C$274) -> 25 | C15: =SUMIF('Donor Data (Task 1,2,3,4, 6)'!$A$4:$A$274,A15,'Donor Data (Task 1,2,3,4, 6)'!$E$4:$E$274) -> 24 | D15: =SUMIF('Donor Data (Task 1,2,3,4, 6)'!$A$4:$A$274,A15,'Donor Data (Task 1,2,3,4, 6)'!$F$4:$F$274) -> 20 | E15: =SUMIF('Donor Data (Task 1,2,3,4, 6)'!$A$4:$A$274,A15,'Donor Data (Task 1,2,3,4, 6)'!$G$4:$G$274) -> 17 | F15: =IFERROR(E15/B15,"") -> 0.68 | G15: =RANK(B15,$B$4:$B$44) -> 37
... A44: Yash P | B44: =SUMIF('Donor Data (Task 1,2,3,4, 6)'!$A$4:$A$274,A44,'Donor Data (Task 1,2,3,4, 6)'!$C$4:$C$274) -> 361 | C44: =SUMIF('Donor Data (Task 1,2,3,4, 6)'!$A$4:$A$274,A44,'Donor Data (Task 1,2,3,4, 6)'!$E$4:$E$274) -> 295 | D44: =SUMIF('Donor Data (Task 1,2,3,4, 6)'!$A$4:$A$274,A44,'Donor Data (Task 1,2,3,4, 6)'!$F$4:$F$274) -> 242 | E44: =SUMIF('Donor Data (Task 1,2,3,4, 6)'!$A$4:$A$274,A44,'Donor Data (Task 1,2,3,4, 6)'!$G$4:$G$274) -> 204 | F44: =IFERROR(E44/B44,"") -> 0.56509695 | G44: =RANK(B44,$B$4:$B$44) -> 7
A45: Grand Total | B45: =SUM(B4:B44) -> 8786 | C45: =SUM(C4:C44) -> 7620 | D45: =SUM(D4:D44) -> 6576 | E45: =SUM(E4:E44) -> 5936 | F45: =IFERROR(E45/B45,"") -> 0.67562031
A47: ▌ Owner Submissions vs Final Debit (Debit 3)

Sheet Owner Performance(Task 5)
A1: Owner Performance Summary — June 2023
A2: Quality = Debit 3% (Debit3/Submission) | Volume = Total Submissions | ⭐ = Top performers
A3: Owner | B3: Total Submissions | C3: Debit 3 (Final) | D3: Overall Quality % | E3: Volume Rank | F3: Quality Rank | G3: Verdict
A4: D Dinesh | B4: 574 | C4: 398 | D4: 0.69337979 | E4: 1 | F4: 16 | G4: High Volume
A5: Surendran R | B5: 536 | C5: 356 | D5: 0.6641791 | E5: 2 | F5: 23 | G5: High Volume
A6: Sai Lakshmi V | B6: 519 | C6: 392 | D6: 0.75529865 | E6: 3 | F6: 7 | G6: High Volume
A7: Althaf A | B7: 424 | C7: 240 | D7: 0.56603774 | E7: 4 | F7: 37 | G7: High Volume
A8: Pooja D | B8: 408 | C8: 249 | D8: 0.61029412 | E8: 5 | F8: 31 | G8: High Volume
A9: Rohit R | B9: 383 | C9: 253 | D9: 0.66057441 | E9: 6 | F9: 24 | G9: High Volume
A10: Yash P | B10: 361 | C10: 204 | D10: 0.56509695 | E10: 7 | F10: 38 | G10: High Volume
A11: Sandhya P | B11: 354 | C11: 245 | D11: 0.6920904 | E11: 8 | F11: 17 | G11: High Volume
A12: Hamza KMS | B12: 344 | C12: 211 | D12: 0.61337209 | E12: 9 | F12: 30 | G12: High Volume
A13: MILLENNIUM | B13: 332 | C13: 266 | D13: 0.80120482 | E13: 10 | F13: 2 | G13: High Volume
A14: Sumitha P | B14: 313 | C14: 209 | D14: 0.66773163 | E14: 11 | F14: 21 | G14: Average
A15: Mayank S | B15: 298 | C15: 199 | D15: 0.66778523 | E15: 12 | F15: 20 | G15: Average
... A44: Sukesh K | B44: 3 | C44: 0 | D44: 0 | E44: 41 | F44: 41 | G44: Low Quality
A47: No owner currently ranks in the top 5 for both volume and quality, suggesting a trade-off between scale and conversion efficiency that leadership may want to address. Verdict logic: Owners are ranked against each other on two dimensions — Volume Rank (by total submissions) and Quality Rank (by Debit 3%, i.e., donor retention rate). Top Performer: ranks in the top 5 for both volume and quality High Volume: ranks in the top 10 by total submissions High Quality: ranks in the top 5 by Debit 3% Low Quality: overall Debit 3% below 65% Average: does not meet any of the above criteria

Sheet Age Group Insights(Task 6)
A1: Age Group Analysis — Which Age Bands Drive Quality & Volume?
A2: Age Group | B2: Total Submissions | C2: Total Debit 1 | D2: Total Debit 3 | E2: Drop-off D1→D3 | F2: Overall Quality %
A3: BELOW 25 | B3: 4 | C3: 2 | D3: 0 | E3: 1 | F3: 0
A4: 25-27 | B4: 1546 | C4: 1236 | D4: 856 | E4: 0.30744337 | F4: 0.55368693
A5: 28-29 | B5: 1378 | C5: 1147 | D5: 826 | E5: 0.27986051 | F5: 0.59941945
A6: 30-34 | B6: 2843 | C6: 2483 | D6: 1890 | E6: 0.238824 | F6: 0.66479071
A7: 35-39 | B7: 1488 | C7: 1337 | D7: 1123 | E7: 0.16005984 | F7: 0.7547043
A8: 40-44 | B8: 791 | C8: 735 | D8: 637 | E8: 0.13333333 | F8: 0.80530973
A9: 45-49 | B9: 371 | C9: 344 | D9: 304 | E9: 0.11627907 | F9: 0.81940701
A10: 50+ | B10: 366 | C10: 337 | D10: 300 | E10: 0.10979228 | F10: 0.81967213
A13: 💡 Key Insight: 30-34 age band drives the highest submission volume. 50+ group shows the best retention (lowest drop-off). 25-27 has highest absolute volume but variable quality across owners.
